Metric,Value
MAE,20.509827680574183
MSE,1058.8503317682557
RMSE,32.539980512720895
R²,0.8285290885196837
