Metric,Value
MAE,23.418947326777957
MSE,1381.1670784289336
RMSE,37.1640562698548
R²,0.7763329049070474
