Metric,Value
MAE,19.457535619408883
MSE,992.9843357736299
RMSE,31.511653967597923
R²,0.8391954707551186
