Metric,Value
MAE,20.28710730426056
MSE,1057.4269118212421
RMSE,32.51810129483642
R²,0.8287595980717996
