Feature,Importance
WallArea,0.2824614174126121
FloorArea,0.11972930812841463
HSMainSystemEfficiency,0.11705515937766496
UValueWall,0.10694742934903184
RoofArea,0.06847143871301097
